BbRuLEwqvwq6HGTL.jpg,green,0.9676122
BbRuLEwqvwq6HGTL.jpg,product,0.78076833
BbRuLEwqvwq6HGTL.jpg,technology,0.7570959
BbRuLEwqvwq6HGTL.jpg,vehicle registration plate,0.73426247
BbRuLEwqvwq6HGTL.jpg,signage,0.72530335
Ae7We4Mlmb8RtDcK.jpg,text,0.9806007
Ae7We4Mlmb8RtDcK.jpg,black,0.96097267
Ae7We4Mlmb8RtDcK.jpg,font,0.9357678
Ae7We4Mlmb8RtDcK.jpg,darkness,0.8457356
Ae7We4Mlmb8RtDcK.jpg,logo,0.76762426
DOE2vK0X0AAfLRI.jpg,flag,0.7997119
DOE2vK0X0AAfLRI.jpg,presentation,0.79066074
DOE2vK0X0AAfLRI.jpg,technology,0.7046045
DOE2vK0X0AAfLRI.jpg,public relations,0.6328862
DOE2vK0X0AAfLRI.jpg,advertising,0.60944957
eqCGZtDhTBu0-wZC.jpg,event,0.8423683
eqCGZtDhTBu0-wZC.jpg,profession,0.7870591
eqCGZtDhTBu0-wZC.jpg,diplomat,0.7135054
eqCGZtDhTBu0-wZC.jpg,tradition,0.6881442
eqCGZtDhTBu0-wZC.jpg,ceremony,0.6762045
3cjfpv4Dp4SnUidn.jpg,speech,0.8694406
3cjfpv4Dp4SnUidn.jpg,profession,0.772536
3cjfpv4Dp4SnUidn.jpg,official,0.74310225
3cjfpv4Dp4SnUidn.jpg,speaker,0.7389699
3cjfpv4Dp4SnUidn.jpg,diplomat,0.62241787
DZZmSonX0AA58hf.jpg,construction,0.8959505
DZZmSonX0AA58hf.jpg,construction equipment,0.8144415
DZZmSonX0AA58hf.jpg,crane,0.74439853
DZZmSonX0AA58hf.jpg,vehicle,0.6424403
DZZmSonX0AA58hf.jpg,tree,0.5261879
DRMeStTWkAENsle.jpg,black and white,0.8145847
DRMeStTWkAENsle.jpg,photography,0.79409194
DRMeStTWkAENsle.jpg,gentleman,0.6637396
DRMeStTWkAENsle.jpg,monochrome,0.5986737
DRMeStTWkAENsle.jpg,monochrome photography,0.5749007
ka1S69VPqBElv19K.jpg,speech,0.95265484
ka1S69VPqBElv19K.jpg,public speaking,0.86734056
ka1S69VPqBElv19K.jpg,profession,0.86184585
ka1S69VPqBElv19K.jpg,official,0.85825545
ka1S69VPqBElv19K.jpg,diplomat,0.7177295
7bqB4ZHzXmy09Y76.jpg,crowd,0.72554135
7bqB4ZHzXmy09Y76.jpg,staff,0.5967399
7bqB4ZHzXmy09Y76.jpg,product,0.57945585
7bqB4ZHzXmy09Y76.jpg,troop,0.5278261
DaXWCDSXkAA4frN.jpg,city council,0.69482297
DaXWCDSXkAA4frN.jpg,communication,0.66687834
DaXWCDSXkAA4frN.jpg,public relations,0.5955208
DaXWCDSXkAA4frN.jpg,meeting,0.576139
DaXWCDSXkAA4frN.jpg,conversation,0.55524635
DMCJzvqVoAARz2T.jpg,stage,0.92923874
DMCJzvqVoAARz2T.jpg,advertising,0.790833
DMCJzvqVoAARz2T.jpg,banner,0.7261214
DMCJzvqVoAARz2T.jpg,convention,0.7093754
DMCJzvqVoAARz2T.jpg,display device,0.6716545
da8S9v7YTVGGR9XU.jpg,speech,0.9120162
da8S9v7YTVGGR9XU.jpg,official,0.8388413
da8S9v7YTVGGR9XU.jpg,phenomenon,0.7547649
da8S9v7YTVGGR9XU.jpg,public speaking,0.6959058
da8S9v7YTVGGR9XU.jpg,gentleman,0.58147484
DNuIxA_VwAAM3ku.jpg,text,0.95582056
DNuIxA_VwAAM3ku.jpg,yellow,0.9069644
DNuIxA_VwAAM3ku.jpg,product,0.800082
DNuIxA_VwAAM3ku.jpg,font,0.77824
DNuIxA_VwAAM3ku.jpg,area,0.6720096
DbTzowmXkAAaSzi.jpg,audience,0.9512087
DbTzowmXkAAaSzi.jpg,crowd,0.90977806
DbTzowmXkAAaSzi.jpg,advertising,0.64002544
DbTzowmXkAAaSzi.jpg,public relations,0.6181146
DbTzowmXkAAaSzi.jpg,convention,0.61646754
ICJOIbWT6zKJBKXq.jpg,official,0.6515774
ICJOIbWT6zKJBKXq.jpg,public relations,0.6353734
ICJOIbWT6zKJBKXq.jpg,speech,0.6267437
ICJOIbWT6zKJBKXq.jpg,news conference,0.58116573
ICJOIbWT6zKJBKXq.jpg,convention,0.5694375
j97jNFus76N8sN_L.jpg,text,0.9510417
j97jNFus76N8sN_L.jpg,font,0.8970968
j97jNFus76N8sN_L.jpg,logo,0.7979974
j97jNFus76N8sN_L.jpg,product,0.76266974
j97jNFus76N8sN_L.jpg,darkness,0.6984318
4yYZGVTnBksEMBbt.jpg,speech,0.90235466
4yYZGVTnBksEMBbt.jpg,profession,0.8599308
4yYZGVTnBksEMBbt.jpg,official,0.8291638
4yYZGVTnBksEMBbt.jpg,speaker,0.7270099
4yYZGVTnBksEMBbt.jpg,diplomat,0.7267607
DSvG3JaV4AAZ_Em.jpg,games,0.91532904
DSvG3JaV4AAZ_Em.jpg,technology,0.83881
DSvG3JaV4AAZ_Em.jpg,car,0.83404213
DSvG3JaV4AAZ_Em.jpg,electronics,0.68680507
DSvG3JaV4AAZ_Em.jpg,automotive exterior,0.67381877
DYWOWcsUQAACwFX.jpg,furniture,0.73433447
DYWOWcsUQAACwFX.jpg,interior design,0.69915956
DYWOWcsUQAACwFX.jpg,function hall,0.5465361
DYWOWcsUQAACwFX.jpg,government,0.5259858
DUdZh2XXUAEJWiN.jpg,communication,0.7422158
DUdZh2XXUAEJWiN.jpg,suit,0.72723776
DUdZh2XXUAEJWiN.jpg,business executive,0.71504974
DUdZh2XXUAEJWiN.jpg,conversation,0.6765651
DUdZh2XXUAEJWiN.jpg,official,0.672062
DYHgbr_VQAAP41q.jpg,profession,0.8124933
DYHgbr_VQAAP41q.jpg,diplomat,0.77017486
DYHgbr_VQAAP41q.jpg,clergy,0.6309985
DYHgbr_VQAAP41q.jpg,government,0.62745935
DYHgbr_VQAAP41q.jpg,official,0.6017762
nD9Jr8gwErfdVEoh.jpg,car,0.88274986
nD9Jr8gwErfdVEoh.jpg,city,0.8682941
nD9Jr8gwErfdVEoh.jpg,transport,0.8424256
nD9Jr8gwErfdVEoh.jpg,advertising,0.8170461
nD9Jr8gwErfdVEoh.jpg,street,0.7993188
nozhuwoIqtG7J2Nq.jpg,speech,0.6446113
nozhuwoIqtG7J2Nq.jpg,official,0.63395154
nozhuwoIqtG7J2Nq.jpg,public relations,0.6245301
nozhuwoIqtG7J2Nq.jpg,professional,0.6160914
nozhuwoIqtG7J2Nq.jpg,audience,0.60774136
H7zM6D3UcZtRWRnG.jpg,plant,0.81664664
H7zM6D3UcZtRWRnG.jpg,tree,0.79565316
H7zM6D3UcZtRWRnG.jpg,event,0.659418
H7zM6D3UcZtRWRnG.jpg,festival,0.6591938
H7zM6D3UcZtRWRnG.jpg,crowd,0.65418476
y4pX2Tl59Opbbwrj.jpg,mode of transport,0.8748204
y4pX2Tl59Opbbwrj.jpg,flag,0.8362357
y4pX2Tl59Opbbwrj.jpg,advertising,0.81960195
y4pX2Tl59Opbbwrj.jpg,signage,0.81486475
y4pX2Tl59Opbbwrj.jpg,structure,0.8128503
0XDnbGt9zDLdB_dB.jpg,vehicle,0.92544043
0XDnbGt9zDLdB_dB.jpg,luxury vehicle,0.91082734
0XDnbGt9zDLdB_dB.jpg,transport,0.903639
0XDnbGt9zDLdB_dB.jpg,mode of transport,0.8752528
0XDnbGt9zDLdB_dB.jpg,aircraft,0.79735297
DXTtO-sUQAAfxtQ.jpg,profession,0.849101
DXTtO-sUQAAfxtQ.jpg,choir,0.66980875
DXTtO-sUQAAfxtQ.jpg,suit,0.56409216
DXTtO-sUQAAfxtQ.jpg,professional,0.5616818
DXTtO-sUQAAfxtQ.jpg,public relations,0.5371547
DZIuTJFUMAAbRua.jpg,t shirt,0.74570704
DZIuTJFUMAAbRua.jpg,outerwear,0.7294994
DZIuTJFUMAAbRua.jpg,advertising,0.69452924
DZIuTJFUMAAbRua.jpg,font,0.62875986
DZIuTJFUMAAbRua.jpg,brand,0.5948993
DYf7Up7W4AA93AC.jpg,water,0.96589863
DYf7Up7W4AA93AC.jpg,nature,0.9551884
DYf7Up7W4AA93AC.jpg,green,0.93515766
DYf7Up7W4AA93AC.jpg,water resources,0.91070753
DYf7Up7W4AA93AC.jpg,fountain,0.81205183
Tr7LqL8miOzN5g8P.jpg,flag,0.9617055
Tr7LqL8miOzN5g8P.jpg,advertising,0.7370804
Tr7LqL8miOzN5g8P.jpg,banner,0.640359
Tr7LqL8miOzN5g8P.jpg,mural,0.5932236
DL4wNGHV4AAcI8e.jpg,presentation,0.8794296
DL4wNGHV4AAcI8e.jpg,advertising,0.79416525
DL4wNGHV4AAcI8e.jpg,job,0.6908184
DL4wNGHV4AAcI8e.jpg,technology,0.6779967
DL4wNGHV4AAcI8e.jpg,public relations,0.6594991
P0hA9LGlnzzqyYA9.jpg,golf,0.9413222
P0hA9LGlnzzqyYA9.jpg,golfer,0.90728945
P0hA9LGlnzzqyYA9.jpg,golf course,0.83164024
P0hA9LGlnzzqyYA9.jpg,grass,0.8312317
P0hA9LGlnzzqyYA9.jpg,golf club,0.80261916
l7aSWTHLYW1RH1cw.jpg,speech,0.9002724
l7aSWTHLYW1RH1cw.jpg,public speaking,0.8161489
l7aSWTHLYW1RH1cw.jpg,spokesperson,0.8097639
l7aSWTHLYW1RH1cw.jpg,official,0.74645156
l7aSWTHLYW1RH1cw.jpg,news,0.6881306
_oumMLBSSSrqVz9-.jpg,profession,0.8325921
_oumMLBSSSrqVz9-.jpg,official,0.798381
_oumMLBSSSrqVz9-.jpg,suit,0.73348933
_oumMLBSSSrqVz9-.jpg,professional,0.6652162
_oumMLBSSSrqVz9-.jpg,event,0.63886964
HYhayLuNQ9xG_Qtg.jpg,text,0.9267173
HYhayLuNQ9xG_Qtg.jpg,diagram,0.80796015
HYhayLuNQ9xG_Qtg.jpg,font,0.6959499
HYhayLuNQ9xG_Qtg.jpg,area,0.6720096
HYhayLuNQ9xG_Qtg.jpg,line,0.6610592
DbCBakdXkAAA3_i.jpg,arch,0.801581
DbCBakdXkAAA3_i.jpg,building,0.651821
DbCBakdXkAAA3_i.jpg,tourism,0.64134
DbCBakdXkAAA3_i.jpg,place of worship,0.6085053
DbCBakdXkAAA3_i.jpg,chapel,0.53428656
DL9sFvFWsAIBKFk.jpg,crowd,0.88877034
DL9sFvFWsAIBKFk.jpg,protest,0.85034174
DL9sFvFWsAIBKFk.jpg,demonstration,0.7575046
DL9sFvFWsAIBKFk.jpg,advertising,0.7060259
DL9sFvFWsAIBKFk.jpg,product,0.70159686
DUZ8AfzW4AUZW8Y.jpg,news conference,0.80339944
DUZ8AfzW4AUZW8Y.jpg,academic conference,0.7883156
DUZ8AfzW4AUZW8Y.jpg,public speaking,0.7428059
DUZ8AfzW4AUZW8Y.jpg,communication,0.73118913
DUZ8AfzW4AUZW8Y.jpg,convention,0.7058748
IOouzrjXpA8W1NBp.jpg,games,0.9426097
IOouzrjXpA8W1NBp.jpg,display device,0.8197184
IOouzrjXpA8W1NBp.jpg,technology,0.81903005
IOouzrjXpA8W1NBp.jpg,scoreboard,0.7906338
IOouzrjXpA8W1NBp.jpg,pc game,0.7191139
DUd-57vXkAAYgF5.jpg,product,0.7864382
DUd-57vXkAAYgF5.jpg,advertising,0.59848213
DUd-57vXkAAYgF5.jpg,presentation,0.59295905
DUd-57vXkAAYgF5.jpg,brand,0.57602733
DUd-57vXkAAYgF5.jpg,service,0.5724567
DL5ULfaWkAEl7NW.jpg,presentation,0.6013156
DL5ULfaWkAEl7NW.jpg,public relations,0.5474562
DL5ULfaWkAEl7NW.jpg,communication,0.54731613
DL5ULfaWkAEl7NW.jpg,event,0.5402182
DL5ULfaWkAEl7NW.jpg,profession,0.508944
wtICLvRfVmnYLBiw.jpg,christmas,0.91070694
wtICLvRfVmnYLBiw.jpg,christmas decoration,0.8938031
wtICLvRfVmnYLBiw.jpg,flora,0.81039035
wtICLvRfVmnYLBiw.jpg,christmas ornament,0.75160056
wtICLvRfVmnYLBiw.jpg,christmas tree,0.65578115
DZ0sX5BVoAAoSWA.jpg,night,0.954429
DZ0sX5BVoAAoSWA.jpg,landmark,0.95047563
DZ0sX5BVoAAoSWA.jpg,light,0.85520124
DZ0sX5BVoAAoSWA.jpg,sky,0.8511822
DZ0sX5BVoAAoSWA.jpg,tourist attraction,0.83451927
DQiry_tWsAE1kdt.jpg,public relations,0.6335746
DQiry_tWsAE1kdt.jpg,advertising,0.6277986
DQiry_tWsAE1kdt.jpg,banner,0.5947239
DQiry_tWsAE1kdt.jpg,public speaking,0.55463284
DQiry_tWsAE1kdt.jpg,speech,0.54476976
QGF6ha5u4FuXhnEQ.jpg,public space,0.86559874
QGF6ha5u4FuXhnEQ.jpg,city,0.70726943
QGF6ha5u4FuXhnEQ.jpg,pedestrian,0.6534035
QGF6ha5u4FuXhnEQ.jpg,tourism,0.59155303
QGF6ha5u4FuXhnEQ.jpg,building,0.55272144
GVQAtCrNJlgsMqqA.jpg,text,0.9745709
GVQAtCrNJlgsMqqA.jpg,blue,0.96839565
GVQAtCrNJlgsMqqA.jpg,font,0.9393216
GVQAtCrNJlgsMqqA.jpg,product,0.85383177
GVQAtCrNJlgsMqqA.jpg,logo,0.8428733
FMgBEgQMhoB9saDD.jpg,newsreader,0.9090511
FMgBEgQMhoB9saDD.jpg,newscaster,0.7220544
FMgBEgQMhoB9saDD.jpg,spokesperson,0.72041816
FMgBEgQMhoB9saDD.jpg,journalist,0.66674745
FMgBEgQMhoB9saDD.jpg,public relations,0.651073
DXybcrdWkAANqrY.jpg,public relations,0.58782065
DXybcrdWkAANqrY.jpg,event,0.54233074
DXybcrdWkAANqrY.jpg,communication,0.5370159
czIMdsdZUGuCmKEZ.jpg,sport venue,0.9852089
czIMdsdZUGuCmKEZ.jpg,structure,0.9495655
czIMdsdZUGuCmKEZ.jpg,arena,0.91151196
czIMdsdZUGuCmKEZ.jpg,stage,0.82645273
czIMdsdZUGuCmKEZ.jpg,entertainment,0.785144
4Sq-lEiU1UO0-AzH.jpg,baseball player,0.9793203
4Sq-lEiU1UO0-AzH.jpg,sport venue,0.971484
4Sq-lEiU1UO0-AzH.jpg,baseball positions,0.9631577
4Sq-lEiU1UO0-AzH.jpg,games,0.9492189
4Sq-lEiU1UO0-AzH.jpg,baseball field,0.93802434
IUphrrFjkXvtxH6l.jpg,technology,0.84430355
IUphrrFjkXvtxH6l.jpg,news conference,0.7642082
IUphrrFjkXvtxH6l.jpg,journalist,0.7461431
IUphrrFjkXvtxH6l.jpg,professional,0.72265846
IUphrrFjkXvtxH6l.jpg,news,0.5855558
DYSGulwV4AEz47o.jpg,stage,0.96468663
DYSGulwV4AEz47o.jpg,structure,0.8546182
DYSGulwV4AEz47o.jpg,atmosphere of earth,0.7955404
DYSGulwV4AEz47o.jpg,entertainment,0.7942693
DYSGulwV4AEz47o.jpg,technology,0.7921914
2XgF_NLGrIrd8Mn6.jpg,airplane,0.8890847
2XgF_NLGrIrd8Mn6.jpg,airliner,0.85611594
2XgF_NLGrIrd8Mn6.jpg,aircraft,0.8344109
2XgF_NLGrIrd8Mn6.jpg,airline,0.8144193
2XgF_NLGrIrd8Mn6.jpg,narrow body aircraft,0.8085888
HXUdyKACdu56VIO3.jpg,journalist,0.8122045
HXUdyKACdu56VIO3.jpg,spokesperson,0.80969304
HXUdyKACdu56VIO3.jpg,news,0.76018536
HXUdyKACdu56VIO3.jpg,speech,0.7162445
HXUdyKACdu56VIO3.jpg,newsreader,0.7039094
U8OgZ04h8m7b1ohQ.jpg,red,0.95684224
U8OgZ04h8m7b1ohQ.jpg,text,0.89302003
U8OgZ04h8m7b1ohQ.jpg,vehicle registration plate,0.7850222
U8OgZ04h8m7b1ohQ.jpg,automotive exterior,0.7366239
U8OgZ04h8m7b1ohQ.jpg,advertising,0.68134546
-k7O5k5Hu4ILlMdN.jpg,christmas lights,0.8578711
-k7O5k5Hu4ILlMdN.jpg,christmas decoration,0.8357163
-k7O5k5Hu4ILlMdN.jpg,event,0.80009675
-k7O5k5Hu4ILlMdN.jpg,lighting,0.793398
-k7O5k5Hu4ILlMdN.jpg,tradition,0.76456344
DRgkLSPXcAAxXbw.jpg,line,0.7362342
DRgkLSPXcAAxXbw.jpg,font,0.6230225
DRgkLSPXcAAxXbw.jpg,product,0.57861227
DRgkLSPXcAAxXbw.jpg,angle,0.5612643
DRgkLSPXcAAxXbw.jpg,rectangle,0.50538814
a82Sb0LjEHs5AWBf.jpg,speech,0.82534397
a82Sb0LjEHs5AWBf.jpg,spokesperson,0.8019718
a82Sb0LjEHs5AWBf.jpg,official,0.7808658
a82Sb0LjEHs5AWBf.jpg,profession,0.6967533
a82Sb0LjEHs5AWBf.jpg,professional,0.68945724
DNfTj9bWAAEp-3j.jpg,text,0.9795198
DNfTj9bWAAEp-3j.jpg,font,0.9373143
DNfTj9bWAAEp-3j.jpg,line,0.79305106
DNfTj9bWAAEp-3j.jpg,product,0.78516895
DNfTj9bWAAEp-3j.jpg,document,0.70867914
DK7LZFdXcAEuc7a.jpg,public relations,0.77146477
DK7LZFdXcAEuc7a.jpg,institution,0.7231226
DK7LZFdXcAEuc7a.jpg,public speaking,0.68058425
DK7LZFdXcAEuc7a.jpg,professional,0.67125976
DK7LZFdXcAEuc7a.jpg,job,0.6331163
1CBR8zHkLA5H332D.jpg,text,0.8503318
1CBR8zHkLA5H332D.jpg,phenomenon,0.7547649
1CBR8zHkLA5H332D.jpg,advertising,0.7029135
1CBR8zHkLA5H332D.jpg,font,0.6153912
1CBR8zHkLA5H332D.jpg,photo caption,0.59467465
DVZLsz7W4AAjGRw.jpg,suit,0.9298651
DVZLsz7W4AAjGRw.jpg,formal wear,0.83856213
DVZLsz7W4AAjGRw.jpg,businessperson,0.7606777
DVZLsz7W4AAjGRw.jpg,official,0.7275204
DVZLsz7W4AAjGRw.jpg,gentleman,0.7217238
DMCRrRVXcAEt_Hv.jpg,text,0.9196621
DMCRrRVXcAEt_Hv.jpg,purple,0.91671574
DMCRrRVXcAEt_Hv.jpg,violet,0.8037279
DMCRrRVXcAEt_Hv.jpg,line,0.7784078
DMCRrRVXcAEt_Hv.jpg,font,0.7782937
DMDMJiDXcAAX-UI.jpg,text,0.9768585
DMDMJiDXcAAX-UI.jpg,font,0.8821876
DMDMJiDXcAAX-UI.jpg,line,0.79134315
DMDMJiDXcAAX-UI.jpg,diagram,0.76208764
DMDMJiDXcAAX-UI.jpg,product,0.725428
DMW0YYyW4AAOEUL.jpg,text,0.8644126
DMW0YYyW4AAOEUL.jpg,presentation,0.8426827
DMW0YYyW4AAOEUL.jpg,public relations,0.7195325
DMW0YYyW4AAOEUL.jpg,business,0.7127512
DMW0YYyW4AAOEUL.jpg,communication,0.6928189
TcHJZfre-O-g947b.jpg,journalist,0.7472607
TcHJZfre-O-g947b.jpg,professional,0.5531311
TcHJZfre-O-g947b.jpg,furniture,0.5393556
TcHJZfre-O-g947b.jpg,newscaster,0.535767
TcHJZfre-O-g947b.jpg,media,0.5290311
yZqtFM8uJ3EWXgWs.jpg,audience,0.70242333
yZqtFM8uJ3EWXgWs.jpg,team,0.69045395
yZqtFM8uJ3EWXgWs.jpg,uniform,0.6641391
yZqtFM8uJ3EWXgWs.jpg,fan,0.65905595
yZqtFM8uJ3EWXgWs.jpg,crowd,0.65115243
DK7I4LcU8AAd8fB.jpg,text,0.8676439
DK7I4LcU8AAd8fB.jpg,presentation,0.6687462
DK7I4LcU8AAd8fB.jpg,photo caption,0.58320975
DK7I4LcU8AAd8fB.jpg,public relations,0.55234385
DK7I4LcU8AAd8fB.jpg,conversation,0.5302418
DbCA8L9X0AAFA6o.jpg,text,0.9785698
DbCA8L9X0AAFA6o.jpg,font,0.92673784
DbCA8L9X0AAFA6o.jpg,black and white,0.7825813
DbCA8L9X0AAFA6o.jpg,line,0.78072053
DbCA8L9X0AAFA6o.jpg,handwriting,0.7521801
D_XTd-d9_PZTIGgq.jpg,construction,0.78330475
D_XTd-d9_PZTIGgq.jpg,vehicle,0.7437623
D_XTd-d9_PZTIGgq.jpg,construction equipment,0.66303366
D_XTd-d9_PZTIGgq.jpg,machine,0.61536914
D_XTd-d9_PZTIGgq.jpg,crane,0.5917746
jXmziw5H8JN7RJ9X.jpg,audience,0.86875784
jXmziw5H8JN7RJ9X.jpg,crowd,0.5962806
jXmziw5H8JN7RJ9X.jpg,government,0.56738204
jXmziw5H8JN7RJ9X.jpg,parliament,0.5555959
DbGH5_lVMAAafjk.jpg,meal,0.80715513
DbGH5_lVMAAafjk.jpg,staff,0.7353855
DbGH5_lVMAAafjk.jpg,lunch,0.72919935
DbGH5_lVMAAafjk.jpg,diplomat,0.7155572
DbGH5_lVMAAafjk.jpg,banquet,0.6713056
yblUC06tUV1WIFD5.jpg,suit,0.88811654
yblUC06tUV1WIFD5.jpg,standing,0.77715766
yblUC06tUV1WIFD5.jpg,gentleman,0.73604935
yblUC06tUV1WIFD5.jpg,technology,0.6048983
yblUC06tUV1WIFD5.jpg,product,0.5599558
AXu4QD7gduQ-Dyzq.jpg,blue,0.9681595
AXu4QD7gduQ-Dyzq.jpg,flag of the united states,0.9645762
AXu4QD7gduQ-Dyzq.jpg,public speaking,0.90104854
AXu4QD7gduQ-Dyzq.jpg,flag,0.8965982
AXu4QD7gduQ-Dyzq.jpg,speech,0.88149214
jwXued4eNnm7oB96.jpg,facial expression,0.94046634
jwXued4eNnm7oB96.jpg,plant,0.85559094
jwXued4eNnm7oB96.jpg,phenomenon,0.7547649
jwXued4eNnm7oB96.jpg,smile,0.72183794
jwXued4eNnm7oB96.jpg,tree,0.7064717
DLP7PeVUMAAvgs6.jpg,soil,0.6892759
DLP7PeVUMAAvgs6.jpg,recreation,0.6681071
DLP7PeVUMAAvgs6.jpg,race,0.5842379
DLP7PeVUMAAvgs6.jpg,adventure,0.53986627
DLP7PeVUMAAvgs6.jpg,tree,0.5391154
DKcDI3LUIAAky7m.jpg,diplomat,0.7413555
DKcDI3LUIAAky7m.jpg,speech,0.68452275
DKcDI3LUIAAky7m.jpg,speaker,0.62110585
DKcDI3LUIAAky7m.jpg,profession,0.5811711
DKcDI3LUIAAky7m.jpg,energy,0.55593926
DNem77VXcAEWWww.jpg,clothing,0.95689964
DNem77VXcAEWWww.jpg,costume,0.8196524
DNem77VXcAEWWww.jpg,event,0.6741574
DNem77VXcAEWWww.jpg,recreation,0.5516058
GsQPF0N8V3S2z-om.jpg,vehicle,0.877113
GsQPF0N8V3S2z-om.jpg,mode of transport,0.875234
GsQPF0N8V3S2z-om.jpg,car,0.65295887
GsQPF0N8V3S2z-om.jpg,militia,0.53645205
GsQPF0N8V3S2z-om.jpg,off road vehicle,0.5213745
p2PckV2YJIlO4RTT.jpg,mode of transport,0.8750214
p2PckV2YJIlO4RTT.jpg,chin,0.79570246
p2PckV2YJIlO4RTT.jpg,news,0.780884
p2PckV2YJIlO4RTT.jpg,forehead,0.774402
p2PckV2YJIlO4RTT.jpg,official,0.7306108
DMWkjYEX0AAz-R3.jpg,text,0.9018354
DMWkjYEX0AAz-R3.jpg,atmosphere,0.83685297
DMWkjYEX0AAz-R3.jpg,line,0.7714503
DMWkjYEX0AAz-R3.jpg,sky,0.7019207
DMWkjYEX0AAz-R3.jpg,area,0.6720096
oWy9TKH9GrS_ROho.jpg,crowd,0.87529093
oWy9TKH9GrS_ROho.jpg,audience,0.83347934
oWy9TKH9GrS_ROho.jpg,font,0.60348654
oWy9TKH9GrS_ROho.jpg,advertising,0.5100045
mUgLq0XVx7E57Xyw.jpg,technology,0.91284233
mUgLq0XVx7E57Xyw.jpg,software,0.6182961
mUgLq0XVx7E57Xyw.jpg,newscaster,0.6078435
mUgLq0XVx7E57Xyw.jpg,electronic device,0.60314125
mUgLq0XVx7E57Xyw.jpg,multimedia,0.59957397
DN1kIXKXcAEldYv.jpg,crowd,0.93998957
DN1kIXKXcAEldYv.jpg,troop,0.7982486
DN1kIXKXcAEldYv.jpg,audience,0.6245809
DN1kIXKXcAEldYv.jpg,military,0.55035436
DZ4ii9sVwAAllob.jpg,ballroom,0.56331855
DZ4ii9sVwAAllob.jpg,government,0.5214624
DZ4ii9sVwAAllob.jpg,building,0.50474346
e0tx_NpNv3103_9k.jpg,text,0.94186085
e0tx_NpNv3103_9k.jpg,font,0.81059974
e0tx_NpNv3103_9k.jpg,photo caption,0.7626114
e0tx_NpNv3103_9k.jpg,muscle,0.6538467
e0tx_NpNv3103_9k.jpg,conversation,0.55302674
DSK2pluVAAAcN6N.jpg,public speaking,0.9349617
DSK2pluVAAAcN6N.jpg,speech,0.87825286
DSK2pluVAAAcN6N.jpg,orator,0.84295905
DSK2pluVAAAcN6N.jpg,advertising,0.7817984
DSK2pluVAAAcN6N.jpg,motivational speaker,0.7744366
DWGkeJmXUAEcxn3.jpg,building,0.9486622
DWGkeJmXUAEcxn3.jpg,landmark,0.89556974
DWGkeJmXUAEcxn3.jpg,house,0.86717755
DWGkeJmXUAEcxn3.jpg,tree,0.829754
DWGkeJmXUAEcxn3.jpg,architecture,0.824973
7lkJnoN_2ngpZPoD.jpg,transport,0.87791276
7lkJnoN_2ngpZPoD.jpg,mode of transport,0.87520117
7lkJnoN_2ngpZPoD.jpg,vehicle,0.85153836
7lkJnoN_2ngpZPoD.jpg,lane,0.7933107
7lkJnoN_2ngpZPoD.jpg,building,0.7778648
DNLvdlgV4AAAM2p.png,text,0.87416065
DNLvdlgV4AAAM2p.png,photo caption,0.6602179
DNLvdlgV4AAAM2p.png,professional,0.6219915
DNLvdlgV4AAAM2p.png,advertising,0.6116449
DNLvdlgV4AAAM2p.png,public relations,0.609972
y8qYX4r9KZlY2CRw.jpg,audience,0.8570085
y8qYX4r9KZlY2CRw.jpg,crowd,0.82728523
y8qYX4r9KZlY2CRw.jpg,news conference,0.7584447
y8qYX4r9KZlY2CRw.jpg,convention,0.67396045
y8qYX4r9KZlY2CRw.jpg,official,0.6719525
At2wjHm9AHeJ8Rwo.jpg,darkness,0.7956456
At2wjHm9AHeJ8Rwo.jpg,phenomenon,0.7547649
At2wjHm9AHeJ8Rwo.jpg,gentleman,0.6892856
At2wjHm9AHeJ8Rwo.jpg,screenshot,0.6315943
At2wjHm9AHeJ8Rwo.jpg,midnight,0.5756517
4w8ZcsanY_mTH8o5.jpg,structure,0.94669116
4w8ZcsanY_mTH8o5.jpg,sport venue,0.94153196
4w8ZcsanY_mTH8o5.jpg,arena,0.73593056
4w8ZcsanY_mTH8o5.jpg,daylighting,0.6295281
4w8ZcsanY_mTH8o5.jpg,stadium,0.6279012
jKPbDYLIczEhQVkH.jpg,profession,0.8679385
jKPbDYLIczEhQVkH.jpg,official,0.7770181
jKPbDYLIczEhQVkH.jpg,speech,0.5821154
jKPbDYLIczEhQVkH.jpg,staff,0.57778203
jKPbDYLIczEhQVkH.jpg,diplomat,0.5268948
Pj4D6p4-3Cti1Yvu.jpg,product,0.87740135
Pj4D6p4-3Cti1Yvu.jpg,window,0.5106189
FN8Ny1Ids1m0Q7pg.jpg,green,0.96828806
FN8Ny1Ids1m0Q7pg.jpg,vehicle registration plate,0.92319906
FN8Ny1Ids1m0Q7pg.jpg,text,0.9005799
FN8Ny1Ids1m0Q7pg.jpg,product,0.80419457
FN8Ny1Ids1m0Q7pg.jpg,technology,0.7927087
DObMhwNVwAIzCEJ.jpg,airline,0.9664937
DObMhwNVwAIzCEJ.jpg,airliner,0.95666033
DObMhwNVwAIzCEJ.jpg,airplane,0.9537698
DObMhwNVwAIzCEJ.jpg,wide body aircraft,0.93482226
DObMhwNVwAIzCEJ.jpg,sky,0.93317133
nkPLFhcdbUOP0bB6.jpg,helicopter,0.98295105
nkPLFhcdbUOP0bB6.jpg,rotorcraft,0.9220049
nkPLFhcdbUOP0bB6.jpg,aircraft,0.91947
nkPLFhcdbUOP0bB6.jpg,helicopter rotor,0.91048175
nkPLFhcdbUOP0bB6.jpg,mode of transport,0.8750571
DM7Pxf8XUAE-vaM.jpg,audience,0.73175573
DM7Pxf8XUAE-vaM.jpg,auditorium,0.68755555
DM7Pxf8XUAE-vaM.jpg,convention,0.6821117
DM7Pxf8XUAE-vaM.jpg,parliament,0.56447285
DM7Pxf8XUAE-vaM.jpg,government,0.5580542
DNBKoGiUQAA8LPt.jpg,profession,0.82217103
DNBKoGiUQAA8LPt.jpg,official,0.7365753
DNBKoGiUQAA8LPt.jpg,diplomat,0.699522
DNBKoGiUQAA8LPt.jpg,event,0.65995574
DNBKoGiUQAA8LPt.jpg,veteran,0.64839756
DYLPhyVVMAAm9KC.jpg,helicopter,0.98504245
DYLPhyVVMAAm9KC.jpg,aircraft,0.9376129
DYLPhyVVMAAm9KC.jpg,rotorcraft,0.9210818
DYLPhyVVMAAm9KC.jpg,helicopter rotor,0.9012387
DYLPhyVVMAAm9KC.jpg,mode of transport,0.87525
